{
  "seed": 0, 
  "use_normalized_camera": true, 
  "use_monocular": true, 
  "num_robots": 2, 
  "colors": "rbgcbyk", 
  "uv_sigma_scale": 0.05, 
  "uv_sigma": [
    [
      0.05, 
      0.0
    ], 
    [
      0.0, 
      0.05
    ]
  ], 
  "MM": 400, 
  "half_path": 10, 
  "sigma_pose_perturbation": 0.015, 
  "sigma_rotation_perturbation": 0.01, 
  "N": 50, 
  "camera_limit": 10, 
  "prior_sigma": 0.7, 
  "save_path": "DataPreprocessing/../multi-robot-data-2", 
  "opt_T_b": [
    [
      1.0, 
      0.0, 
      0.0, 
      0.0
    ], 
    [
      0.0, 
      0.0, 
      -1.0, 
      0.0
    ], 
    [
      0.0, 
      1.0, 
      0.0, 
      0.0
    ], 
    [
      0.0, 
      0.0, 
      0.0, 
      1.0
    ]
  ], 
  "M_left": [
    [
      1.0, 
      0.0, 
      0.0, 
      0.0
    ], 
    [
      0.0, 
      1.0, 
      0.0, 
      0.0
    ], 
    [
      0.0, 
      0.0, 
      1.0, 
      0.0
    ], 
    [
      0.0, 
      0.0, 
      0.0, 
      1.0
    ]
  ], 
  "M_right": [
    [
      1.0, 
      0.0, 
      0.0, 
      0.0
    ], 
    [
      0.0, 
      1.0, 
      0.0, 
      0.0
    ], 
    [
      0.0, 
      0.0, 
      1.0, 
      0.0
    ], 
    [
      0.0, 
      0.0, 
      0.0, 
      1.0
    ]
  ], 
  "img_shape": [
    0.7071067811865476, 
    0.7071067811865476
  ], 
  "M": [
    [
      1.0, 
      0.0, 
      0.0, 
      0.0
    ], 
    [
      0.0, 
      1.0, 
      0.0, 
      0.0
    ]
  ]
}